action_name,qps,startTime,endTime,avg,50,75,90,95,99

hash-python,120,1610718784.9602153,1610718916.2474601,1079.95,1076,1082,1096,1104,1112
hello-python,120,1610718784.9602153,1610718918.4748447,1098.65,1078,1085,1100,1110,1126
quicksort-python,120,1610718784.9602153,1610718918.504417,1098.6833333333334,1078,1085,1098,1107,1122
cryptography-python,120,1610718784.9602153,1610718918.507743,1098.775,1078,1085,1101,1105,1115
md5-python,120,1610718784.9602153,1610718923.349149,1139.0083333333334,1076,1083,1105,1115,3091