action_name,qps,startTime,endTime,avg,50,75,90,95,99
hello-world-python,12,1610523922.8572485,1610523936.2733111,1090.5833333333333,1096,1101,1104,1105,1105
hello-world-python,24,1610526579.3258383,1610526606.0984523,1088.3333333333333,1086,1102,1103,1103,1106